<?xml version="1.0" encoding="UTF-8"?>
<project-private xmlns="http://www.netbeans.org/ns/project-private/1">
    <editor-bookmarks xmlns="http://www.netbeans.org/ns/editor-bookmarks/2" lastBookmarkId="0"/>
    <open-files xmlns="http://www.netbeans.org/ns/projectui-open-files/2">
        <group>
            <file>file:/C:/Users/r_kee/Desktop/pacCopy/web/script.js</file>
            <file>file:/C:/Users/r_kee/Desktop/pacCopy/src/java/grid.java</file>
            <file>file:/C:/Users/r_kee/Desktop/pacCopy/src/java/Game.java</file>
            <file>file:/C:/Users/r_kee/Desktop/pacCopy/src/java/newNcolide.java</file>
            <file>file:/C:/Users/r_kee/Desktop/pacCopy/src/java/Players.java</file>
            <file>file:/C:/Users/r_kee/Desktop/pacCopy/src/java/UpdateGame.java</file>
        </group>
    </open-files>
</project-private>
